<?xml version="1.0" encoding="windows-1252"?>
<Collection name="Banner Campaigns" guid="{2B178115-EB9A-4D2A-8BFC-A949307272D2}" system="No" updatable="Yes" blockNavigatorNode="No">
	<HelpLink>http://support.contensive.com/Banner-Campaigns</HelpLink>
	<Help></Help>
	<Addon name="Banner Campaign" guid="{FB373315-665D-45C1-A245-63A3037B2BA2}" type="Add-on">
		<Copy></Copy>
		<CopyText></CopyText>
		<ActiveXProgramID><![CDATA[aoBanners.Banners]]></ActiveXProgramID>
		<DotNetClass></DotNetClass>
		<ArgumentList><![CDATA[Campaign=[Any:0|ListID(Banner Campaigns)]]]></ArgumentList>
		<AsAjax>No</AsAjax>
		<Filter>No</Filter>
		<Help></Help>
		<HelpLink></HelpLink>
		<Icon Link="" width="0" height="0" sprites="0" />
		<InIframe>No</InIframe>
		<BlockEditTools>No</BlockEditTools>
		<FormXML></FormXML>
		<IsInline>No</IsInline>
		<JavascriptOnLoad></JavascriptOnLoad>
		<JavascriptInHead></JavascriptInHead>
		<JavascriptBodyEnd></JavascriptBodyEnd>
		<MetaDescription></MetaDescription>
		<OtherHeadTags></OtherHeadTags>
		<Content>Yes</Content>
		<Template>Yes</Template>
		<Email>No</Email>
		<Admin>Yes</Admin>
		<OnPageEndEvent>No</OnPageEndEvent>
		<OnPageStartEvent>No</OnPageStartEvent>
		<OnBodyStart>No</OnBodyStart>
		<OnBodyEnd>No</OnBodyEnd>
		<RemoteMethod>No</RemoteMethod>
		<ProcessRunOnce>No</ProcessRunOnce>
		<ProcessInterval>0</ProcessInterval>
		<PageTitle></PageTitle>
		<RemoteAssetLink></RemoteAssetLink>
		<Styles></Styles>
		<Scripting Language="" EntryPoint="" Timeout="5000"/>
	</Addon>
	<CDef Name="Banners" Active="1" AdminOnly="0" AllowAdd="1" AllowCalendarEvents="0" AllowContentChildTool="1" AllowContentTracking="0" AllowDelete="1" AllowMetaContent="0" AllowTopicRules="0" AllowWorkflowAuthoring="0" AuthoringDataSourceName="Default" AuthoringTableName="ccImages" ContentDataSourceName="Default" ContentTableName="ccImages" DefaultSortMethod="By Name" DeveloperOnly="0" DropDownFieldList="NAME" EditorGroupName="" Parent="" IconLink="" IconHeight="" IconWidth="" IconSprites="" isbasecontent="0" guid="{749250F8-DA86-4CC2-9CC1-9F068CB3856C}" >
		<Field Name="Name" active="True" AdminOnly="False" Authorable="True" Caption="Name" DeveloperOnly="False" EditSortPriority="110" FieldType="Text" HTMLContent="False" IndexColumn="0" IndexSortDirection="1" IndexSortOrder="0" IndexWidth="24" RedirectID="" RedirectPath="" Required="False" TextBuffered="False" UniqueName="False" DefaultValue="" RSSTitle="False" RSSDescription="False" MemberSelectGroupID="0" EditTab="" Scramble="False" LookupList="" NotEditable="False" Password="False" ReadOnly="False" ManyToManyRulePrimaryField="" ManyToManyRuleSecondaryField="" IsModified="True" IsBaseField="False" LookupContent="" RedirectContent="" ManyToManyContent="" ManyToManyRuleContent="" >
			<HelpDefault>The name for this record. The name is generally used to identify the record in a list, and is often used as a caption when the record is displayed publicly</HelpDefault>
		</Field>
		<Field Name="Active" active="True" AdminOnly="False" Authorable="True" Caption="Active" DeveloperOnly="False" EditSortPriority="200" FieldType="Boolean" HTMLContent="False" IndexColumn="10" IndexSortDirection="0" IndexSortOrder="99" IndexWidth="6" RedirectID="" RedirectPath="" Required="False" TextBuffered="False" UniqueName="False" DefaultValue="1" RSSTitle="False" RSSDescription="False" MemberSelectGroupID="0" EditTab="" Scramble="False" LookupList="" NotEditable="False" Password="False" ReadOnly="False" ManyToManyRulePrimaryField="" ManyToManyRuleSecondaryField="" IsModified="True" IsBaseField="False" LookupContent="" RedirectContent="" ManyToManyContent="" ManyToManyRuleContent="" >
			<HelpDefault>Determines if this record is available to the system. An inactive record will not be displayed on the public site, and will not be available in lists of records. You can however, edit the record from the admin site.</HelpDefault>
		</Field>
		<Field Name="ImageFilename" active="True" AdminOnly="False" Authorable="True" Caption="Image" DeveloperOnly="False" EditSortPriority="1010" FieldType="File" HTMLContent="False" IndexColumn="99" IndexSortDirection="" IndexSortOrder="0" IndexWidth="0" RedirectID="" RedirectPath="" Required="False" TextBuffered="False" UniqueName="False" DefaultValue="" RSSTitle="False" RSSDescription="False" MemberSelectGroupID="0" EditTab="Image" Scramble="False" LookupList="" NotEditable="False" Password="False" ReadOnly="False" ManyToManyRulePrimaryField="" ManyToManyRuleSecondaryField="" IsModified="True" IsBaseField="False" LookupContent="" RedirectContent="" ManyToManyContent="" ManyToManyRuleContent="" >
			<HelpDefault>Upload an image for this banner</HelpDefault>
		</Field>
		<Field Name="Width" active="True" AdminOnly="False" Authorable="True" Caption="Width" DeveloperOnly="False" EditSortPriority="1020" FieldType="Integer" HTMLContent="False" IndexColumn="99" IndexSortDirection="" IndexSortOrder="0" IndexWidth="0" RedirectID="" RedirectPath="" Required="False" TextBuffered="False" UniqueName="False" DefaultValue="" RSSTitle="False" RSSDescription="False" MemberSelectGroupID="0" EditTab="Image" Scramble="False" LookupList="" NotEditable="False" Password="False" ReadOnly="False" ManyToManyRulePrimaryField="" ManyToManyRuleSecondaryField="" IsModified="True" IsBaseField="False" LookupContent="" RedirectContent="" ManyToManyContent="" ManyToManyRuleContent="" >
			<HelpDefault>If set, the image will be forced to this width.</HelpDefault>
		</Field>
		<Field Name="Height" active="True" AdminOnly="False" Authorable="True" Caption="Height" DeveloperOnly="False" EditSortPriority="1030" FieldType="Integer" HTMLContent="False" IndexColumn="99" IndexSortDirection="" IndexSortOrder="0" IndexWidth="0" RedirectID="" RedirectPath="" Required="False" TextBuffered="False" UniqueName="False" DefaultValue="" RSSTitle="False" RSSDescription="False" MemberSelectGroupID="0" EditTab="Image" Scramble="False" LookupList="" NotEditable="False" Password="False" ReadOnly="False" ManyToManyRulePrimaryField="" ManyToManyRuleSecondaryField="" IsModified="True" IsBaseField="False" LookupContent="" RedirectContent="" ManyToManyContent="" ManyToManyRuleContent="" >
			<HelpDefault>If set, the image will be forced to this height.</HelpDefault>
		</Field>
		<Field Name="Caption" active="True" AdminOnly="False" Authorable="True" Caption="Caption" DeveloperOnly="False" EditSortPriority="1040" FieldType="Text" HTMLContent="False" IndexColumn="99" IndexSortDirection="" IndexSortOrder="0" IndexWidth="0" RedirectID="" RedirectPath="" Required="False" TextBuffered="False" UniqueName="False" DefaultValue="" RSSTitle="False" RSSDescription="False" MemberSelectGroupID="0" EditTab="Image" Scramble="False" LookupList="" NotEditable="False" Password="False" ReadOnly="False" ManyToManyRulePrimaryField="" ManyToManyRuleSecondaryField="" IsModified="True" IsBaseField="False" LookupContent="" RedirectContent="" ManyToManyContent="" ManyToManyRuleContent="" >
			<HelpDefault>If set, the image will include this caption when the mouse is hovered over it.</HelpDefault>
		</Field>
		<Field Name="Align" active="True" AdminOnly="False" Authorable="True" Caption="Align" DeveloperOnly="False" EditSortPriority="1045" FieldType="Text" HTMLContent="False" IndexColumn="-1" IndexSortDirection="" IndexSortOrder="0" IndexWidth="0" RedirectID="" RedirectPath="" Required="False" TextBuffered="False" UniqueName="False" DefaultValue="" RSSTitle="False" RSSDescription="False" MemberSelectGroupID="0" EditTab="Image" Scramble="False" LookupList="" NotEditable="False" Password="False" ReadOnly="False" ManyToManyRulePrimaryField="" ManyToManyRuleSecondaryField="" IsModified="True" IsBaseField="False" LookupContent="" RedirectContent="" ManyToManyContent="" ManyToManyRuleContent="" >
			<HelpDefault>If set, the banner image will include this align attribute. This can be used to float the image right or left.</HelpDefault>
		</Field>
		<Field Name="Link" active="True" AdminOnly="False" Authorable="True" Caption="Link" DeveloperOnly="False" EditSortPriority="1080" FieldType="Link" HTMLContent="False" IndexColumn="99" IndexSortDirection="" IndexSortOrder="0" IndexWidth="0" RedirectID="" RedirectPath="" Required="False" TextBuffered="False" UniqueName="False" DefaultValue="" RSSTitle="False" RSSDescription="False" MemberSelectGroupID="0" EditTab="Link" Scramble="False" LookupList="" NotEditable="False" Password="False" ReadOnly="False" ManyToManyRulePrimaryField="" ManyToManyRuleSecondaryField="" IsModified="True" IsBaseField="False" LookupContent="" RedirectContent="" ManyToManyContent="" ManyToManyRuleContent="" >
			<HelpDefault>If set, a click to the banner will go to this link.</HelpDefault>
		</Field>
		<Field Name="DateExpires" active="True" AdminOnly="False" Authorable="True" Caption="Date Expires" DeveloperOnly="False" EditSortPriority="1080" FieldType="Date" HTMLContent="False" IndexColumn="20" IndexSortDirection="0" IndexSortOrder="99" IndexWidth="24" RedirectID="" RedirectPath="" Required="False" TextBuffered="False" UniqueName="False" DefaultValue="" RSSTitle="False" RSSDescription="False" MemberSelectGroupID="0" EditTab="" Scramble="False" LookupList="" NotEditable="False" Password="False" ReadOnly="False" ManyToManyRulePrimaryField="" ManyToManyRuleSecondaryField="" IsModified="True" IsBaseField="False" LookupContent="" RedirectContent="" ManyToManyContent="" ManyToManyRuleContent="" >
			<HelpDefault>If blank, this banner never expires. Set a date to prevent the banner from displaying. Include a time with the date to be more exact, for example 1/1/2015 3:15pm</HelpDefault>
		</Field>
		<Field Name="LastViewDate" active="True" AdminOnly="False" Authorable="True" Caption="Date Last Viewed" DeveloperOnly="False" EditSortPriority="1085" FieldType="Date" HTMLContent="False" IndexColumn="99" IndexSortDirection="" IndexSortOrder="0" IndexWidth="0" RedirectID="" RedirectPath="" Required="False" TextBuffered="False" UniqueName="False" DefaultValue="" RSSTitle="False" RSSDescription="False" MemberSelectGroupID="0" EditTab="Analytics" Scramble="False" LookupList="" NotEditable="False" Password="False" ReadOnly="True" ManyToManyRulePrimaryField="" ManyToManyRuleSecondaryField="" IsModified="True" IsBaseField="False" LookupContent="" RedirectContent="" ManyToManyContent="" ManyToManyRuleContent="" >
			<HelpDefault>The date and time this banner was last displayed.</HelpDefault>
		</Field>
		<Field Name="Clicks" active="True" AdminOnly="False" Authorable="True" Caption="Clicks" DeveloperOnly="False" EditSortPriority="1090" FieldType="Integer" HTMLContent="False" IndexColumn="50" IndexSortDirection="0" IndexSortOrder="99" IndexWidth="12" RedirectID="" RedirectPath="" Required="False" TextBuffered="False" UniqueName="False" DefaultValue="0" RSSTitle="False" RSSDescription="False" MemberSelectGroupID="0" EditTab="Analytics" Scramble="False" LookupList="" NotEditable="False" Password="False" ReadOnly="True" ManyToManyRulePrimaryField="" ManyToManyRuleSecondaryField="" IsModified="True" IsBaseField="False" LookupContent="" RedirectContent="" ManyToManyContent="" ManyToManyRuleContent="" >
			<HelpDefault>The total number of times this banner was clicked</HelpDefault>
		</Field>
		<Field Name="ClicksMax" active="True" AdminOnly="False" Authorable="True" Caption="Clicks Max" DeveloperOnly="False" EditSortPriority="1100" FieldType="Integer" HTMLContent="False" IndexColumn="99" IndexSortDirection="" IndexSortOrder="0" IndexWidth="0" RedirectID="" RedirectPath="" Required="False" TextBuffered="False" UniqueName="False" DefaultValue="" RSSTitle="False" RSSDescription="False" MemberSelectGroupID="0" EditTab="Analytics" Scramble="False" LookupList="" NotEditable="False" Password="False" ReadOnly="False" ManyToManyRulePrimaryField="" ManyToManyRuleSecondaryField="" IsModified="True" IsBaseField="False" LookupContent="" RedirectContent="" ManyToManyContent="" ManyToManyRuleContent="" >
			<HelpDefault>If not blank, this banner will stop being displayed when the clicks reaches this number.</HelpDefault>
		</Field>
		<Field Name="Viewings" active="True" AdminOnly="False" Authorable="True" Caption="Viewings" DeveloperOnly="False" EditSortPriority="1110" FieldType="Integer" HTMLContent="False" IndexColumn="40" IndexSortDirection="0" IndexSortOrder="99" IndexWidth="9" RedirectID="" RedirectPath="" Required="False" TextBuffered="False" UniqueName="False" DefaultValue="0" RSSTitle="False" RSSDescription="False" MemberSelectGroupID="0" EditTab="Analytics" Scramble="False" LookupList="" NotEditable="False" Password="False" ReadOnly="True" ManyToManyRulePrimaryField="" ManyToManyRuleSecondaryField="" IsModified="True" IsBaseField="False" LookupContent="" RedirectContent="" ManyToManyContent="" ManyToManyRuleContent="" >
			<HelpDefault>The total number of times this banner has been viewed.</HelpDefault>
		</Field>
		<Field Name="ViewingsMax" active="True" AdminOnly="False" Authorable="True" Caption="ViewingsMax" DeveloperOnly="False" EditSortPriority="1120" FieldType="Integer" HTMLContent="False" IndexColumn="99" IndexSortDirection="" IndexSortOrder="0" IndexWidth="0" RedirectID="" RedirectPath="" Required="False" TextBuffered="False" UniqueName="False" DefaultValue="" RSSTitle="False" RSSDescription="False" MemberSelectGroupID="0" EditTab="Analytics" Scramble="False" LookupList="" NotEditable="False" Password="False" ReadOnly="False" ManyToManyRulePrimaryField="" ManyToManyRuleSecondaryField="" IsModified="True" IsBaseField="False" LookupContent="" RedirectContent="" ManyToManyContent="" ManyToManyRuleContent="" >
			<HelpDefault>If not blank, this banner will stop being displayed when the viewings reaches this number.</HelpDefault>
		</Field>
		<Field Name="NewWindow" active="True" AdminOnly="False" Authorable="True" Caption="Open in New Window" DeveloperOnly="False" EditSortPriority="1130" FieldType="Boolean" HTMLContent="False" IndexColumn="99" IndexSortDirection="" IndexSortOrder="0" IndexWidth="0" RedirectID="" RedirectPath="" Required="False" TextBuffered="False" UniqueName="False" DefaultValue="0" RSSTitle="False" RSSDescription="False" MemberSelectGroupID="0" EditTab="Link" Scramble="False" LookupList="" NotEditable="False" Password="False" ReadOnly="False" ManyToManyRulePrimaryField="" ManyToManyRuleSecondaryField="" IsModified="True" IsBaseField="False" LookupContent="" RedirectContent="" ManyToManyContent="" ManyToManyRuleContent="" >
			<HelpDefault>if checked, clicks to the banner will open in a new tab.</HelpDefault>
		</Field>
		<Field Name="SortOrder" active="True" AdminOnly="False" Authorable="False" Caption="Alpha Sort Order" DeveloperOnly="False" EditSortPriority="2000" FieldType="Text" HTMLContent="False" IndexColumn="99" IndexSortDirection="" IndexSortOrder="0" IndexWidth="0" RedirectID="" RedirectPath="" Required="False" TextBuffered="False" UniqueName="False" DefaultValue="" RSSTitle="False" RSSDescription="False" MemberSelectGroupID="0" EditTab="" Scramble="False" LookupList="" NotEditable="False" Password="False" ReadOnly="False" ManyToManyRulePrimaryField="" ManyToManyRuleSecondaryField="" IsModified="True" IsBaseField="False" LookupContent="" RedirectContent="" ManyToManyContent="" ManyToManyRuleContent="" ></Field>
		<Field Name="ThumbnailFilename" active="True" AdminOnly="False" Authorable="False" Caption="ThumbnailFilename" DeveloperOnly="False" EditSortPriority="1050" FieldType="File" HTMLContent="False" IndexColumn="99" IndexSortDirection="" IndexSortOrder="0" IndexWidth="0" RedirectID="" RedirectPath="" Required="False" TextBuffered="False" UniqueName="False" DefaultValue="" RSSTitle="False" RSSDescription="False" MemberSelectGroupID="0" EditTab="" Scramble="False" LookupList="" NotEditable="False" Password="False" ReadOnly="False" ManyToManyRulePrimaryField="" ManyToManyRuleSecondaryField="" IsModified="True" IsBaseField="False" LookupContent="" RedirectContent="" ManyToManyContent="" ManyToManyRuleContent="" ></Field>
		<Field Name="ThumbnailWidth" active="True" AdminOnly="False" Authorable="False" Caption="ThumbnailWidth" DeveloperOnly="False" EditSortPriority="1060" FieldType="Integer" HTMLContent="False" IndexColumn="99" IndexSortDirection="" IndexSortOrder="0" IndexWidth="0" RedirectID="" RedirectPath="" Required="False" TextBuffered="False" UniqueName="False" DefaultValue="" RSSTitle="False" RSSDescription="False" MemberSelectGroupID="0" EditTab="" Scramble="False" LookupList="" NotEditable="False" Password="False" ReadOnly="False" ManyToManyRulePrimaryField="" ManyToManyRuleSecondaryField="" IsModified="True" IsBaseField="False" LookupContent="" RedirectContent="" ManyToManyContent="" ManyToManyRuleContent="" ></Field>
		<Field Name="ThumbnailHeight" active="True" AdminOnly="False" Authorable="False" Caption="ThumbnailHeight" DeveloperOnly="False" EditSortPriority="1070" FieldType="Integer" HTMLContent="False" IndexColumn="99" IndexSortDirection="" IndexSortOrder="0" IndexWidth="0" RedirectID="" RedirectPath="" Required="False" TextBuffered="False" UniqueName="False" DefaultValue="" RSSTitle="False" RSSDescription="False" MemberSelectGroupID="0" EditTab="" Scramble="False" LookupList="" NotEditable="False" Password="False" ReadOnly="False" ManyToManyRulePrimaryField="" ManyToManyRuleSecondaryField="" IsModified="True" IsBaseField="False" LookupContent="" RedirectContent="" ManyToManyContent="" ManyToManyRuleContent="" ></Field>
		<Field Name="Campaign" active="True" AdminOnly="False" Authorable="True" Caption="Campaigns" DeveloperOnly="False" EditSortPriority="1000" FieldType="ManyToMany" HTMLContent="False" IndexColumn="" IndexSortDirection="" IndexSortOrder="" IndexWidth="" RedirectID="" RedirectPath="" Required="False" TextBuffered="False" UniqueName="False" DefaultValue="" RSSTitle="False" RSSDescription="False" MemberSelectGroupID="" EditTab="Campaigns" Scramble="False" LookupList="" NotEditable="False" Password="False" ReadOnly="False" ManyToManyRulePrimaryField="bannerId" ManyToManyRuleSecondaryField="BannerCampaignID" IsModified="True" IsBaseField="False" LookupContent="" RedirectContent="" ManyToManyContent="Banner Campaigns" ManyToManyRuleContent="Banner Campaign Rules" >
			<HelpDefault>Check a box next the campaign(s) on which you want this banner displayed.</HelpDefault>
		</Field>
		<Field Name="ImageGroups" active="True" AdminOnly="False" Authorable="False" Caption="Groupings" DeveloperOnly="False" EditSortPriority="1000" FieldType="ManyToMany" HTMLContent="False" IndexColumn="0" IndexSortDirection="" IndexSortOrder="0" IndexWidth="" RedirectID="" RedirectPath="" Required="False" TextBuffered="False" UniqueName="False" DefaultValue="" RSSTitle="False" RSSDescription="False" MemberSelectGroupID="" EditTab="Groupings" Scramble="False" LookupList="" NotEditable="False" Password="False" ReadOnly="False" ManyToManyRulePrimaryField="" ManyToManyRuleSecondaryField="" IsModified="True" IsBaseField="False" LookupContent="" RedirectContent="" ManyToManyContent="" ManyToManyRuleContent="" ></Field>
	</CDef>
	<CDef Name="Banner Campaign Rules" Active="1" AdminOnly="0" AllowAdd="1" AllowCalendarEvents="0" AllowContentChildTool="0" AllowContentTracking="0" AllowDelete="1" AllowMetaContent="0" AllowTopicRules="0" AllowWorkflowAuthoring="0" AuthoringDataSourceName="Default" AuthoringTableName="ccBannerCampaignRules" ContentDataSourceName="Default" ContentTableName="ccBannerCampaignRules" DefaultSortMethod="By Name" DeveloperOnly="1" DropDownFieldList="Name" EditorGroupName="" Parent="" IconLink="" IconHeight="" IconWidth="" IconSprites="" isbasecontent="0" guid="{E49CA5AC-0748-4838-AE62-8CCB31C8BEB9}" >
		<Field Name="Name" active="True" AdminOnly="False" Authorable="True" Caption="Name" DeveloperOnly="False" EditSortPriority="110" FieldType="Text" HTMLContent="False" IndexColumn="0" IndexSortDirection="" IndexSortOrder="0" IndexWidth="0" RedirectID="0" RedirectPath="" Required="False" TextBuffered="False" UniqueName="False" DefaultValue="" RSSTitle="False" RSSDescription="False" MemberSelectGroupID="0" EditTab="" Scramble="False" LookupList="" NotEditable="False" Password="False" ReadOnly="False" ManyToManyRulePrimaryField="" ManyToManyRuleSecondaryField="" IsModified="False" IsBaseField="False" LookupContent="" RedirectContent="" ManyToManyContent="" ManyToManyRuleContent="" ></Field>
		<Field Name="Active" active="True" AdminOnly="False" Authorable="True" Caption="Active" DeveloperOnly="False" EditSortPriority="200" FieldType="Boolean" HTMLContent="False" IndexColumn="0" IndexSortDirection="" IndexSortOrder="0" IndexWidth="0" RedirectID="0" RedirectPath="" Required="False" TextBuffered="False" UniqueName="False" DefaultValue="1" RSSTitle="False" RSSDescription="False" MemberSelectGroupID="0" EditTab="" Scramble="False" LookupList="" NotEditable="False" Password="False" ReadOnly="False" ManyToManyRulePrimaryField="" ManyToManyRuleSecondaryField="" IsModified="False" IsBaseField="False" LookupContent="" RedirectContent="" ManyToManyContent="" ManyToManyRuleContent="" ></Field>
		<Field Name="SortOrder" active="True" AdminOnly="False" Authorable="False" Caption="Alpha Sort Order" DeveloperOnly="False" EditSortPriority="2000" FieldType="Text" HTMLContent="False" IndexColumn="0" IndexSortDirection="" IndexSortOrder="0" IndexWidth="0" RedirectID="0" RedirectPath="" Required="False" TextBuffered="False" UniqueName="False" DefaultValue="" RSSTitle="False" RSSDescription="False" MemberSelectGroupID="0" EditTab="" Scramble="False" LookupList="" NotEditable="False" Password="False" ReadOnly="False" ManyToManyRulePrimaryField="" ManyToManyRuleSecondaryField="" IsModified="False" IsBaseField="False" LookupContent="" RedirectContent="" ManyToManyContent="" ManyToManyRuleContent="" ></Field>
		<Field Name="BannerCampaignID" active="True" AdminOnly="False" Authorable="True" Caption="Banner Campaign" DeveloperOnly="False" EditSortPriority="300" FieldType="Lookup" HTMLContent="False" IndexColumn="0" IndexSortDirection="" IndexSortOrder="0" IndexWidth="0" RedirectID="" RedirectPath="" Required="False" TextBuffered="False" UniqueName="False" DefaultValue="" RSSTitle="False" RSSDescription="False" MemberSelectGroupID="0" EditTab="" Scramble="False" LookupList="" NotEditable="False" Password="False" ReadOnly="False" ManyToManyRulePrimaryField="" ManyToManyRuleSecondaryField="" IsModified="False" IsBaseField="False" LookupContent="Banner Campaigns" RedirectContent="" ManyToManyContent="" ManyToManyRuleContent="" ></Field>
		<Field Name="BannerID" active="True" AdminOnly="False" Authorable="True" Caption="Banner" DeveloperOnly="False" EditSortPriority="400" FieldType="Lookup" HTMLContent="False" IndexColumn="0" IndexSortDirection="" IndexSortOrder="0" IndexWidth="0" RedirectID="" RedirectPath="" Required="False" TextBuffered="False" UniqueName="False" DefaultValue="" RSSTitle="False" RSSDescription="False" MemberSelectGroupID="0" EditTab="" Scramble="False" LookupList="" NotEditable="False" Password="False" ReadOnly="False" ManyToManyRulePrimaryField="" ManyToManyRuleSecondaryField="" IsModified="False" IsBaseField="False" LookupContent="Banners" RedirectContent="" ManyToManyContent="" ManyToManyRuleContent="" ></Field>
	</CDef>
	<CDef Name="Banner Campaigns" Active="1" AdminOnly="0" AllowAdd="1" AllowCalendarEvents="0" AllowContentChildTool="0" AllowContentTracking="0" AllowDelete="1" AllowMetaContent="0" AllowTopicRules="0" AllowWorkflowAuthoring="0" AuthoringDataSourceName="Default" AuthoringTableName="ccBannerCampaigns" ContentDataSourceName="Default" ContentTableName="ccBannerCampaigns" DefaultSortMethod="By Name" DeveloperOnly="0" DropDownFieldList="Name" EditorGroupName="" Parent="" IconLink="" IconHeight="" IconWidth="" IconSprites="" isbasecontent="0" guid="{9BDF20EF-F2B6-4F1A-9CFF-19130CE08A0B}" >
		<Field Name="Name" active="True" AdminOnly="False" Authorable="True" Caption="Name" DeveloperOnly="False" EditSortPriority="110" FieldType="Text" HTMLContent="False" IndexColumn="0" IndexSortDirection="" IndexSortOrder="0" IndexWidth="0" RedirectID="0" RedirectPath="" Required="False" TextBuffered="False" UniqueName="False" DefaultValue="" RSSTitle="False" RSSDescription="False" MemberSelectGroupID="0" EditTab="" Scramble="False" LookupList="" NotEditable="False" Password="False" ReadOnly="False" ManyToManyRulePrimaryField="" ManyToManyRuleSecondaryField="" IsModified="False" IsBaseField="False" LookupContent="" RedirectContent="" ManyToManyContent="" ManyToManyRuleContent="" >
			<HelpDefault>&amp;nbsp;</HelpDefault>
		</Field>
		<Field Name="Active" active="True" AdminOnly="False" Authorable="True" Caption="Active" DeveloperOnly="False" EditSortPriority="200" FieldType="Boolean" HTMLContent="False" IndexColumn="0" IndexSortDirection="" IndexSortOrder="0" IndexWidth="0" RedirectID="0" RedirectPath="" Required="False" TextBuffered="False" UniqueName="False" DefaultValue="1" RSSTitle="False" RSSDescription="False" MemberSelectGroupID="0" EditTab="" Scramble="False" LookupList="" NotEditable="False" Password="False" ReadOnly="False" ManyToManyRulePrimaryField="" ManyToManyRuleSecondaryField="" IsModified="False" IsBaseField="False" LookupContent="" RedirectContent="" ManyToManyContent="" ManyToManyRuleContent="" >
			<HelpDefault>&amp;nbsp;</HelpDefault>
		</Field>
		<Field Name="SortOrder" active="True" AdminOnly="False" Authorable="False" Caption="Alpha Sort Order" DeveloperOnly="False" EditSortPriority="2000" FieldType="Text" HTMLContent="False" IndexColumn="0" IndexSortDirection="" IndexSortOrder="0" IndexWidth="0" RedirectID="0" RedirectPath="" Required="False" TextBuffered="False" UniqueName="False" DefaultValue="" RSSTitle="False" RSSDescription="False" MemberSelectGroupID="0" EditTab="" Scramble="False" LookupList="" NotEditable="False" Password="False" ReadOnly="False" ManyToManyRulePrimaryField="" ManyToManyRuleSecondaryField="" IsModified="False" IsBaseField="False" LookupContent="" RedirectContent="" ManyToManyContent="" ManyToManyRuleContent="" ></Field>
		<Field Name="Banners" active="True" AdminOnly="False" Authorable="True" Caption="Included Banners" DeveloperOnly="False" EditSortPriority="300" FieldType="ManyToMany" HTMLContent="False" IndexColumn="0" IndexSortDirection="" IndexSortOrder="0" IndexWidth="0" RedirectID="" RedirectPath="" Required="False" TextBuffered="False" UniqueName="False" DefaultValue="" RSSTitle="False" RSSDescription="False" MemberSelectGroupID="0" EditTab="Banners" Scramble="False" LookupList="" NotEditable="False" Password="False" ReadOnly="False" ManyToManyRulePrimaryField="BannerCampaignID" ManyToManyRuleSecondaryField="BannerID" IsModified="False" IsBaseField="False" LookupContent="" RedirectContent="" ManyToManyContent="Banners" ManyToManyRuleContent="Banner Campaign Rules" >
			<HelpDefault>&amp;nbsp;</HelpDefault>
		</Field>
	</CDef>
	<CDef Name="Banner Viewings" Active="1" AdminOnly="0" AllowAdd="1" AllowCalendarEvents="0" AllowContentChildTool="0" AllowContentTracking="0" AllowDelete="1" AllowMetaContent="0" AllowTopicRules="0" AllowWorkflowAuthoring="0" AuthoringDataSourceName="Default" AuthoringTableName="ccBannerViewings" ContentDataSourceName="Default" ContentTableName="ccBannerViewings" DefaultSortMethod="By Name" DeveloperOnly="1" DropDownFieldList="Name" EditorGroupName="" Parent="" IconLink="" IconHeight="0" IconWidth="0" IconSprites="0" isbasecontent="0" guid="{CC8ADC58-9506-4E17-BDCE-FB06B3C4D8BC}" >
		<Field Name="Name" active="True" AdminOnly="False" Authorable="True" Caption="Name" DeveloperOnly="False" EditSortPriority="110" FieldType="Text" HTMLContent="False" IndexColumn="0" IndexSortDirection="" IndexSortOrder="0" IndexWidth="0" RedirectID="0" RedirectPath="" Required="False" TextBuffered="False" UniqueName="False" DefaultValue="" RSSTitle="False" RSSDescription="False" MemberSelectGroupID="0" EditTab="" Scramble="False" LookupList="" NotEditable="False" Password="False" ReadOnly="False" ManyToManyRulePrimaryField="" ManyToManyRuleSecondaryField="" IsModified="False" IsBaseField="False" LookupContent="" RedirectContent="" ManyToManyContent="" ManyToManyRuleContent="" ></Field>
		<Field Name="Active" active="True" AdminOnly="False" Authorable="True" Caption="Active" DeveloperOnly="False" EditSortPriority="200" FieldType="Boolean" HTMLContent="False" IndexColumn="0" IndexSortDirection="" IndexSortOrder="0" IndexWidth="0" RedirectID="0" RedirectPath="" Required="False" TextBuffered="False" UniqueName="False" DefaultValue="1" RSSTitle="False" RSSDescription="False" MemberSelectGroupID="0" EditTab="" Scramble="False" LookupList="" NotEditable="False" Password="False" ReadOnly="False" ManyToManyRulePrimaryField="" ManyToManyRuleSecondaryField="" IsModified="False" IsBaseField="False" LookupContent="" RedirectContent="" ManyToManyContent="" ManyToManyRuleContent="" ></Field>
		<Field Name="SortOrder" active="True" AdminOnly="False" Authorable="False" Caption="Alpha Sort Order" DeveloperOnly="False" EditSortPriority="2000" FieldType="Text" HTMLContent="False" IndexColumn="0" IndexSortDirection="" IndexSortOrder="0" IndexWidth="0" RedirectID="0" RedirectPath="" Required="False" TextBuffered="False" UniqueName="False" DefaultValue="" RSSTitle="False" RSSDescription="False" MemberSelectGroupID="0" EditTab="" Scramble="False" LookupList="" NotEditable="False" Password="False" ReadOnly="False" ManyToManyRulePrimaryField="" ManyToManyRuleSecondaryField="" IsModified="False" IsBaseField="False" LookupContent="" RedirectContent="" ManyToManyContent="" ManyToManyRuleContent="" ></Field>
		<Field Name="bannerID" active="True" AdminOnly="False" Authorable="True" Caption="Banner" DeveloperOnly="False" EditSortPriority="300" FieldType="Lookup" HTMLContent="False" IndexColumn="0" IndexSortDirection="" IndexSortOrder="0" IndexWidth="" RedirectID="" RedirectPath="" Required="False" TextBuffered="False" UniqueName="False" DefaultValue="" RSSTitle="False" RSSDescription="False" MemberSelectGroupID="0" EditTab="" Scramble="False" LookupList="" NotEditable="False" Password="False" ReadOnly="False" ManyToManyRulePrimaryField="" ManyToManyRuleSecondaryField="" IsModified="False" IsBaseField="False" LookupContent="" RedirectContent="" ManyToManyContent="" ManyToManyRuleContent="" >
			<HelpDefault>&amp;nbsp;</HelpDefault>
		</Field>
	</CDef>
	<Resource name="aobannercampaigns.dll" type="executable" path="" />
</Collection>